standard_d16as_v4,dasv4-type1
standard_d16as_v4,dasv4-type1
standard_d2as_v4,dasv4-type1
standard_d2as_v4,dasv4-type1
standard_d32as_v4,dasv4-type1
standard_d32as_v4,dasv4-type1
standard_d48as_v4,dasv4-type1
standard_d48as_v4,dasv4-type1
standard_d4as_v4,dasv4-type1
standard_d4as_v4,dasv4-type1
standard_d64as_v4,dasv4-type1
standard_d64as_v4,dasv4-type1
standard_d8as_v4,dasv4-type1
standard_d8as_v4,dasv4-type1
standard_d96as_v4,dasv4-type1
standard_dc1s_v2,dcsv2-type1
standard_dc2s_v2,dcsv2-type1
standard_dc4s_v2,dcsv2-type1
standard_a1_v2,ddsv4-type1
standard_a2_v2,ddsv4-type1
standard_a2m_v2,ddsv4-type1
standard_a4_v2,ddsv4-type1
standard_a8_v2,ddsv4-type1
standard_a8m_v2,ddsv4-type1
standard_b12ms,ddsv4-type1
standard_b16ms,ddsv4-type1
standard_b16ms,ddsv4-type1
standard_b1ls,ddsv4-type1
standard_b1ms,ddsv4-type1
standard_b1ms,ddsv4-type1
standard_b1s,ddsv4-type1
standard_b20ms,ddsv4-type1
standard_b2ms,ddsv4-type1
standard_b2ms,ddsv4-type1
standard_b2s,ddsv4-type1
standard_b2s,ddsv4-type1
standard_b4hms,ddsv4-type1
standard_b4ms,ddsv4-type1
standard_b4ms,ddsv4-type1
standard_b8ms,ddsv4-type1
standard_b8ms,ddsv4-type1
standard_d16ds_v4,ddsv4-type1
standard_d16ds_v4,ddsv4-type1
standard_d2ds_v4,ddsv4-type1
standard_d2ds_v4,ddsv4-type1
standard_d32ds_v4,ddsv4-type1
standard_d32ds_v4,ddsv4-type1
standard_d48ds_v4,ddsv4-type1
standard_d48ds_v4,ddsv4-type1
standard_d48ds_v4,ddsv4-type1
standard_d48ds_v4,ddsv4-type1
standard_d4ds_v4,ddsv4-type1
standard_d4ds_v4,ddsv4-type1
standard_d64ds_v4,ddsv4-type1
standard_d8ds_v4,ddsv4-type1
standard_d8ds_v4,ddsv4-type1
standard_d16ds_v5,ddsv5-type1
standard_d2ds_v5,ddsv5-type1
standard_d32ds_v5,ddsv5-type1
standard_d48ds_v5,ddsv5-type1
standard_d4ds_v5,ddsv5-type1
standard_d64ds_v5,ddsv5-type1
standard_d8ds_v5,ddsv5-type1
standard_d96ds_v5,ddsv5-type1
standard_dc16ds_v3,dcdsv3-type4
standard_dc1ds_v3,dcdsv3-type4
standard_dc24ds_v3,dcdsv3-type4
standard_dc2ds_v3,dcdsv3-type4
standard_dc32ds_v3,dcdsv3-type4
standard_dc48ds_v3,dcdsv3-type4
standard_dc4ds_v3,dcdsv3-type4
standard_dc8ds_v3,dcdsv3-type4
standard_a1_v2,ddsv4-type1
standard_a2_v2,ddsv4-type1
standard_a2m_v2,ddsv4-type1
standard_a4_v2,ddsv4-type1
standard_a8_v2,ddsv4-type1
standard_a8m_v2,ddsv4-type1
standard_b12ms,ddsv4-type1
standard_b16ms,ddsv4-type1
standard_b16ms,ddsv4-type1
standard_b1ls,ddsv4-type1
standard_b1ms,ddsv4-type1
standard_b1ms,ddsv4-type1
standard_b1s,ddsv4-type1
standard_b20ms,ddsv4-type1
standard_b2ms,ddsv4-type1
standard_b2ms,ddsv4-type1
standard_b2s,ddsv4-type1
standard_b2s,ddsv4-type1
standard_b4hms,ddsv4-type1
standard_b4ms,ddsv4-type1
standard_b4ms,ddsv4-type1
standard_b8ms,ddsv4-type1
standard_b8ms,ddsv4-type1
standard_d16s_v3,dsv3-type3
standard_d16s_v3,dsv3-type3
standard_d2s_v3,dsv3-type3
standard_d2s_v3,dsv3-type3
standard_d32s_v3,dsv3-type3
standard_d48s_v3,dsv3-type3
standard_d4s_v3,dsv3-type3
standard_d4s_v3,dsv3-type3
standard_d64s_v3,dsv3-type3
standard_d8s_v3,dsv3-type3
standard_d8s_v3,dsv3-type3
standard_a1_v2,ddsv4-type1
standard_a2_v2,ddsv4-type1
standard_a2m_v2,ddsv4-type1
standard_a4_v2,ddsv4-type1
standard_a8_v2,ddsv4-type1
standard_a8m_v2,ddsv4-type1
standard_b12ms,ddsv4-type1
standard_b16ms,ddsv4-type1
standard_b16ms,ddsv4-type1
standard_b1ls,ddsv4-type1
standard_b1ms,ddsv4-type1
standard_b1ms,ddsv4-type1
standard_b1s,ddsv4-type1
standard_b20ms,ddsv4-type1
standard_b2ms,ddsv4-type1
standard_b2ms,ddsv4-type1
standard_b2s,ddsv4-type1
standard_b2s,ddsv4-type1
standard_b4hms,ddsv4-type1
standard_b4ms,ddsv4-type1
standard_b4ms,ddsv4-type1
standard_b8ms,ddsv4-type1
standard_b8ms,ddsv4-type1
standard_d16ds_v4,ddsv4-type1
standard_d16ds_v4,ddsv4-type1
standard_d16s_v4,dsv4-type1
standard_d16s_v4,dsv4-type1
standard_d2ds_v4,ddsv4-type1
standard_d2ds_v4,ddsv4-type1
standard_d2s_v4,dsv4-type1
standard_d2s_v4,dsv4-type1
standard_d32ds_v4,ddsv4-type1
standard_d32ds_v4,ddsv4-type1
standard_d32s_v4,dsv4-type1
standard_d32s_v4,dsv4-type1
standard_d48ds_v4,ddsv4-type1
standard_d48ds_v4,ddsv4-type1
standard_d48ds_v4,ddsv4-type1
standard_d48ds_v4,ddsv4-type1
standard_d48s_v4,dsv4-type1
standard_d48s_v4,dsv4-type1
standard_d48s_v4,dsv4-type1
standard_d48s_v4,dsv4-type1
standard_d4ds_v4,ddsv4-type1
standard_d4ds_v4,ddsv4-type1
standard_d4s_v4,dsv4-type1
standard_d4s_v4,dsv4-type1
standard_d64ds_v4,ddsv4-type1
standard_d64s_v4,dsv4-type1
standard_d64s_v4,dsv4-type1
standard_d8ds_v4,ddsv4-type1
standard_d8ds_v4,ddsv4-type1
standard_d8s_v4,dsv4-type1
standard_d8s_v4,dsv4-type1
standard_e16-4ds_v4,edsv4-type1
standard_e16-4ds_v4,edsv4-type1
standard_e16-8ds_v4,edsv4-type1
standard_e16-8ds_v4,edsv4-type1
standard_e16ds_v4,edsv4-type1
standard_e16ds_v4,edsv4-type1
standard_e20ds_v4,edsv4-type1
standard_e20ds_v4,edsv4-type1
standard_e2ds_v4,edsv4-type1
standard_e2ds_v4,edsv4-type1
standard_e32-16ds_v4,edsv4-type1
standard_e32-16ds_v4,edsv4-type1
standard_e32-16ds_v4,edsv4-type1
standard_e32-8ds_v4,edsv4-type1
standard_e32-8ds_v4,edsv4-type1
standard_e32-8ds_v4,edsv4-type1
standard_e32ds_v4,edsv4-type1
standard_e32ds_v4,edsv4-type1
standard_e32ds_v4,edsv4-type1
standard_e32ds_v4,edsv4-type1
standard_e4-2ds_v4,edsv4-type1
standard_e4-2ds_v4,edsv4-type1
standard_e48ds_v4,edsv4-type1
standard_e48ds_v4,edsv4-type1
standard_e4ds_v4,edsv4-type1
standard_e4ds_v4,edsv4-type1
standard_e64-16ds_v4,edsv4-type1
standard_e64-16ds_v4,edsv4-type1
standard_e64-32ds_v4,edsv4-type1
standard_e64-32ds_v4,edsv4-type1
standard_e64ds_v4,edsv4-type1
standard_e64ds_v4,edsv4-type1
standard_e8-2ds_v4,edsv4-type1
standard_e8-2ds_v4,edsv4-type1
standard_e8-4ds_v4,edsv4-type1
standard_e8-4ds_v4,edsv4-type1
standard_e80ids_v4,edsv4-type1
standard_e8ds_v4,edsv4-type1
standard_e8ds_v4,edsv4-type1
standard_d16ds_v5,ddsv5-type1
standard_d16s_v5,dsv5-type1
standard_d2ds_v5,ddsv5-type1
standard_d2s_v5,dsv5-type1
standard_d32ds_v5,ddsv5-type1
standard_d32s_v5,dsv5-type1
standard_d48ds_v5,ddsv5-type1
standard_d48s_v5,dsv5-type1
standard_d4ds_v5,ddsv5-type1
standard_d4s_v5,dsv5-type1
standard_d64ds_v5,ddsv5-type1
standard_d64s_v5,dsv5-type1
standard_d8ds_v5,ddsv5-type1
standard_d8s_v5,dsv5-type1
standard_d96ds_v5,ddsv5-type1
standard_d96s_v5,dsv5-type1
standard_e104ids_v5,edsv5-type1
standard_e16-4ds_v5,edsv5-type1
standard_e16-8ds_v5,edsv5-type1
standard_e16ds_v5,edsv5-type1
standard_e20ds_v5,edsv5-type1
standard_e2ds_v5,edsv5-type1
standard_e32-16ds_v5,edsv5-type1
standard_e32-8ds_v5,edsv5-type1
standard_e32ds_v5,edsv5-type1
standard_e4-2ds_v5,edsv5-type1
standard_e48ds_v5,edsv5-type1
standard_e4ds_v5,edsv5-type1
standard_e64-16ds_v5,edsv5-type1
standard_e64-32ds_v5,edsv5-type1
standard_e64ds_v5,edsv5-type1
standard_e8-2ds_v5,edsv5-type1
standard_e8-4ds_v5,edsv5-type1
standard_e8ds_v5,edsv5-type1
standard_e96-24ds_v5,edsv5-type1
standard_e96-48ds_v5,edsv5-type1
standard_e96ds_v5,edsv5-type1
standard_e16-4as_v4,easv4-type1
standard_e16-8as_v4,easv4-type1
standard_e16as_v4,easv4-type1
standard_e16as_v4,easv4-type1
standard_e20as_v4,easv4-type1
standard_e20as_v4,easv4-type1
standard_e20as_v4,easv4-type1
standard_e2as_v4,easv4-type1
standard_e2as_v4,easv4-type1
standard_e32-16as_v4,easv4-type1
standard_e32-8as_v4,easv4-type1
standard_e32as_v4,easv4-type1
standard_e32as_v4,easv4-type1
standard_e4-2as_v4,easv4-type1
standard_e48as_v4,easv4-type1
standard_e48as_v4,easv4-type1
standard_e4as_v4,easv4-type1
standard_e4as_v4,easv4-type1
standard_e64-16as_v4,easv4-type1
standard_e64-32as_v4,easv4-type1
standard_e64as_v4,easv4-type1
standard_e64as_v4,easv4-type1
standard_e8-2as_v4,easv4-type1
standard_e8-4as_v4,easv4-type1
standard_e8as_v4,easv4-type1
standard_e8as_v4,easv4-type1
standard_e96-24as_v4,easv4-type1
standard_e96-48as_v4,easv4-type1
standard_e96as_v4,easv4-type1
standard_e96as_v4,easv4-type1
standard_e96ias_v4,easv4-type1
standard_a1_v2,ddsv4-type1
standard_a2_v2,ddsv4-type1
standard_a2m_v2,ddsv4-type1
standard_a4_v2,ddsv4-type1
standard_a8_v2,ddsv4-type1
standard_a8m_v2,ddsv4-type1
standard_b12ms,ddsv4-type1
standard_b16ms,ddsv4-type1
standard_b16ms,ddsv4-type1
standard_b1ls,ddsv4-type1
standard_b1ms,ddsv4-type1
standard_b1ms,ddsv4-type1
standard_b1s,ddsv4-type1
standard_b20ms,ddsv4-type1
standard_b2ms,ddsv4-type1
standard_b2ms,ddsv4-type1
standard_b2s,ddsv4-type1
standard_b2s,ddsv4-type1
standard_b4hms,ddsv4-type1
standard_b4ms,ddsv4-type1
standard_b4ms,ddsv4-type1
standard_b8ms,ddsv4-type1
standard_b8ms,ddsv4-type1
standard_e16-4ds_v4,edsv4-type1
standard_e16-4ds_v4,edsv4-type1
standard_e16-8ds_v4,edsv4-type1
standard_e16-8ds_v4,edsv4-type1
standard_e16ds_v4,edsv4-type1
standard_e16ds_v4,edsv4-type1
standard_e20ds_v4,edsv4-type1
standard_e20ds_v4,edsv4-type1
standard_e2ds_v4,edsv4-type1
standard_e2ds_v4,edsv4-type1
standard_e32-16ds_v4,edsv4-type1
standard_e32-16ds_v4,edsv4-type1
standard_e32-16ds_v4,edsv4-type1
standard_e32-8ds_v4,edsv4-type1
standard_e32-8ds_v4,edsv4-type1
standard_e32-8ds_v4,edsv4-type1
standard_e32ds_v4,edsv4-type1
standard_e32ds_v4,edsv4-type1
standard_e32ds_v4,edsv4-type1
standard_e32ds_v4,edsv4-type1
standard_e4-2ds_v4,edsv4-type1
standard_e4-2ds_v4,edsv4-type1
standard_e48ds_v4,edsv4-type1
standard_e48ds_v4,edsv4-type1
standard_e4ds_v4,edsv4-type1
standard_e4ds_v4,edsv4-type1
standard_e64-16ds_v4,edsv4-type1
standard_e64-16ds_v4,edsv4-type1
standard_e64-32ds_v4,edsv4-type1
standard_e64-32ds_v4,edsv4-type1
standard_e64ds_v4,edsv4-type1
standard_e64ds_v4,edsv4-type1
standard_e8-2ds_v4,edsv4-type1
standard_e8-2ds_v4,edsv4-type1
standard_e8-4ds_v4,edsv4-type1
standard_e8-4ds_v4,edsv4-type1
standard_e80ids_v4,edsv4-type1
standard_e8ds_v4,edsv4-type1
standard_e8ds_v4,edsv4-type1
standard_e104ids_v5,edsv5-type1
standard_e16-4ds_v5,edsv5-type1
standard_e16-8ds_v5,edsv5-type1
standard_e16ds_v5,edsv5-type1
standard_e20ds_v5,edsv5-type1
standard_e2ds_v5,edsv5-type1
standard_e32-16ds_v5,edsv5-type1
standard_e32-8ds_v5,edsv5-type1
standard_e32ds_v5,edsv5-type1
standard_e4-2ds_v5,edsv5-type1
standard_e48ds_v5,edsv5-type1
standard_e4ds_v5,edsv5-type1
standard_e64-16ds_v5,edsv5-type1
standard_e64-32ds_v5,edsv5-type1
standard_e64ds_v5,edsv5-type1
standard_e8-2ds_v5,edsv5-type1
standard_e8-4ds_v5,edsv5-type1
standard_e8ds_v5,edsv5-type1
standard_e96-24ds_v5,edsv5-type1
standard_e96-48ds_v5,edsv5-type1
standard_e96ds_v5,edsv5-type1
standard_a1_v2,ddsv4-type1
standard_a2_v2,ddsv4-type1
standard_a2m_v2,ddsv4-type1
standard_a4_v2,ddsv4-type1
standard_a8_v2,ddsv4-type1
standard_a8m_v2,ddsv4-type1
standard_b12ms,ddsv4-type1
standard_b16ms,ddsv4-type1
standard_b16ms,ddsv4-type1
standard_b1ls,ddsv4-type1
standard_b1ms,ddsv4-type1
standard_b1ms,ddsv4-type1
standard_b1s,ddsv4-type1
standard_b20ms,ddsv4-type1
standard_b2ms,ddsv4-type1
standard_b2ms,ddsv4-type1
standard_b2s,ddsv4-type1
standard_b2s,ddsv4-type1
standard_b4hms,ddsv4-type1
standard_b4ms,ddsv4-type1
standard_b4ms,ddsv4-type1
standard_b8ms,ddsv4-type1
standard_b8ms,ddsv4-type1
standard_e16-4s_v3,esv3-type3
standard_e16-8s_v3,esv3-type3
standard_e16s_v3,esv3-type3
standard_e16s_v3,esv3-type3
standard_e20s_v3,esv3-type3
standard_e20s_v3,esv3-type3
standard_e2s_v3,esv3-type3
standard_e2s_v3,esv3-type3
standard_e32-16s_v3,esv3-type3
standard_e32-8s_v3,esv3-type3
standard_e32s_v3,esv3-type3
standard_e4-2s_v3,esv3-type3
standard_e48s_v3,esv3-type3
standard_e4s_v3,esv3-type3
standard_e4s_v3,esv3-type3
standard_e64-16s_v3,esv3-type3
standard_e64-32s_v3,esv3-type3
standard_e64s_v3,esv3-type3
standard_e8-2s_v3,esv3-type3
standard_e8-4s_v3,esv3-type3
standard_e8s_v3,esv3-type3
standard_a1_v2,ddsv4-type1
standard_a2_v2,ddsv4-type1
standard_a2m_v2,ddsv4-type1
standard_a4_v2,ddsv4-type1
standard_a8_v2,ddsv4-type1
standard_a8m_v2,ddsv4-type1
standard_b12ms,ddsv4-type1
standard_b16ms,ddsv4-type1
standard_b16ms,ddsv4-type1
standard_b1ls,ddsv4-type1
standard_b1ms,ddsv4-type1
standard_b1ms,ddsv4-type1
standard_b1s,ddsv4-type1
standard_b20ms,ddsv4-type1
standard_b2ms,ddsv4-type1
standard_b2ms,ddsv4-type1
standard_b2s,ddsv4-type1
standard_b2s,ddsv4-type1
standard_b4hms,ddsv4-type1
standard_b4ms,ddsv4-type1
standard_b4ms,ddsv4-type1
standard_b8ms,ddsv4-type1
standard_b8ms,ddsv4-type1
standard_e16-4s_v4,esv4-type1
standard_e16-4s_v4,esv4-type1
standard_e16-8s_v4,esv4-type1
standard_e16-8s_v4,esv4-type1
standard_e16s_v4,esv4-type1
standard_e16s_v4,esv4-type1
standard_e20s_v4,esv4-type1
standard_e20s_v4,esv4-type1
standard_e2s_v4,esv4-type1
standard_e2s_v4,esv4-type1
standard_e32-16s_v4,esv4-type1
standard_e32-16s_v4,esv4-type1
standard_e32-16s_v4,esv4-type1
standard_e32-16s_v4,esv4-type1
standard_e32-8s_v4,esv4-type1
standard_e32-8s_v4,esv4-type1
standard_e32-8s_v4,esv4-type1
standard_e32s_v4,esv4-type1
standard_e32s_v4,esv4-type1
standard_e32s_v4,esv4-type1
standard_e4-2s_v4,esv4-type1
standard_e4-2s_v4,esv4-type1
standard_e48s_v4,esv4-type1
standard_e48s_v4,esv4-type1
standard_e4s_v4,esv4-type1
standard_e4s_v4,esv4-type1
standard_e64-16s_v4,esv4-type1
standard_e64-16s_v4,esv4-type1
standard_e64-32s_v4,esv4-type1
standard_e64-32s_v4,esv4-type1
standard_e64s_v4,esv4-type1
standard_e64s_v4,esv4-type1
standard_e8-2s_v4,esv4-type1
standard_e8-2s_v4,esv4-type1
standard_e8-4s_v4,esv4-type1
standard_e8-4s_v4,esv4-type1
standard_e80is_v4,esv4-type1
standard_e8s_v4,esv4-type1
standard_e8s_v4,esv4-type1
standard_e104is_v5,esv5-type1
standard_e16-4s_v5,esv5-type1
standard_e16-8s_v5,esv5-type1
standard_e16s_v5,esv5-type1
standard_e20s_v5,esv5-type1
standard_e2s_v5,esv5-type1
standard_e32-16s_v5,esv5-type1
standard_e32-8s_v5,esv5-type1
standard_e32s_v5,esv5-type1
standard_e4-2s_v5,esv5-type1
standard_e48s_v5,esv5-type1
standard_e4s_v5,esv5-type1
standard_e64-16s_v5,esv5-type1
standard_e64-32s_v5,esv5-type1
standard_e64s_v5,esv5-type1
standard_e8-2s_v5,esv5-type1
standard_e8-4s_v5,esv5-type1
standard_e8s_v5,esv5-type1
standard_e96-24s_v5,esv5-type1
standard_e96-48s_v5,esv5-type1
standard_e96s_v5,esv5-type1
standard_a1_v2,ddsv4-type1
standard_a2_v2,ddsv4-type1
standard_a2m_v2,ddsv4-type1
standard_a4_v2,ddsv4-type1
standard_a8_v2,ddsv4-type1
standard_a8m_v2,ddsv4-type1
standard_b12ms,ddsv4-type1
standard_b16ms,ddsv4-type1
standard_b16ms,ddsv4-type1
standard_b1ls,ddsv4-type1
standard_b1ms,ddsv4-type1
standard_b1ms,ddsv4-type1
standard_b1s,ddsv4-type1
standard_b20ms,ddsv4-type1
standard_b2ms,ddsv4-type1
standard_b2ms,ddsv4-type1
standard_b2s,ddsv4-type1
standard_b2s,ddsv4-type1
standard_b4hms,ddsv4-type1
standard_b4ms,ddsv4-type1
standard_b4ms,ddsv4-type1
standard_b8ms,ddsv4-type1
standard_b8ms,ddsv4-type1
standard_f16s_v2,fsv2-type3
standard_f16s_v2,fsv2-type3
standard_f2s_v2,fsv2-type3
standard_f2s_v2,fsv2-type3
standard_f32s_v2,fsv2-type3
standard_f32s_v2,fsv2-type3
standard_f48s_v2,fsv2-type3
standard_f48s_v2,fsv2-type3
standard_f4s_v2,fsv2-type3
standard_f4s_v2,fsv2-type3
standard_f64s_v2,fsv2-type3
standard_f64s_v2,fsv2-type3
standard_f72s_v2,fsv2-type3
standard_f72s_v2,fsv2-type3
standard_f8s_v2,fsv2-type3
standard_f8s_v2,fsv2-type3
standard_f16s_v2,fsv2-type2
standard_f16s_v2,fsv2-type2
standard_f2s_v2,fsv2-type2
standard_f2s_v2,fsv2-type2
standard_f32s_v2,fsv2-type2
standard_f32s_v2,fsv2-type2
standard_f48s_v2,fsv2-type2
standard_f48s_v2,fsv2-type2
standard_f4s_v2,fsv2-type2
standard_f4s_v2,fsv2-type2
standard_f64s_v2,fsv2-type2
standard_f64s_v2,fsv2-type2
standard_f72s_v2,fsv2-type2
standard_f72s_v2,fsv2-type2
standard_f8s_v2,fsv2-type2
standard_f8s_v2,fsv2-type2
standard_fx12mds,fxmds-type1
standard_fx24mds,fxmds-type1
standard_fx36mds,fxmds-type1
standard_fx48mds,fxmds-type1
standard_fx4mds,fxmds-type1
standard_l16s_v2,lsv2-type1
standard_l16s_v2,lsv2-type1
standard_l32s_v2,lsv2-type1
standard_l32s_v2,lsv2-type1
standard_l48s_v2,lsv2-type1
standard_l48s_v2,lsv2-type1
standard_l64s_v2,lsv2-type1
standard_l64s_v2,lsv2-type1
standard_l80s_v2,lsv2-type1
standard_l8s_v2,lsv2-type1
standard_l8s_v2,lsv2-type1
m32ls,ms-type1
m32ts,ms-type1
m64,ms-type1
m64s,ms-type1
m64ls,ms-type1
m128,ms-type1
m128s,ms-type1
m8ms,msm-type1
m8-2ms,msm-type1
m8-4ms,msm-type1
m16ms,msm-type1
m16-4ms,msm-type1
m16-8ms,msm-type1
m32ts,msm-type1
m32ls,msm-type1
m32ms,msm-type1
m32-8ms,msm-type1
m32-16ms,msm-type1
m64ms,msm-type1
m64,msm-type1
m64s,msm-type1
m64m,msm-type1
m64ls,msm-type1
m64-16ms,msm-type1
m64-32ms,msm-type1
m128ms,msm-type1
m128s,msm-type1
m128m,msm-type1
m128,msm-type1
m128-32ms,msm-type1
m128-64ms,msm-type1
m32dms_v2,mdmsv2medmem-type1
m64ds_v2,mdmsv2medmem-type1
m64dms_v2,mdmsv2medmem-type1
m128ds_v2,mdmsv2medmem-type1
m128dms_v2,mdmsv2medmem-type1
m32dms_v2,mdsv2medmem-type1
m64ds_v2,mdsv2medmem-type1
m64dms_v2,mdsv2medmem-type1
m128ds_v2,mdsv2medmem-type1
m32ms_v2,mmsv2medmem-type1
m64s_v2,mmsv2medmem-type1
m64ms_v2,mmsv2medmem-type1
m128ms_v2,mmsv2medmem-type1
m128s_v2,mmsv2medmem-type1
m32ms_v2,msv2medmem-type1
m64s_v2,msv2medmem-type1
m64ms_v2,msv2medmem-type1
m128s_v2,msv2medmem-type1
m208ms_v2,msmv2-type1
m208s_v2,msmv2-type1
m416-208ms_v2,msmv2-type1
m416-208s_v2,msmv2-type1
m416ms_v2,msmv2-type1
m416s-8_v2,msmv2-type1
m416s_v2,msmv2-type1
m208ms_v2,msv2-type1
m208s_v2,msv2-type1
m416-208s_v2,msv2-type1
m416s_v2,msv2-type1
m416s_v2,msv2-type1
